{"cameraMode":{"drawMode":0,"name":"Shaded","section":"Shading Mode"},"sceneLighting":true,"audioPlay":false,"sceneViewState":{"m_AlwaysRefresh":false,"showFog":true,"showSkybox":true,"showFlares":true,"showImageEffects":true,"showParticleSystems":true,"showVisualEffectGraphs":true,"m_FxEnabled":true},"in2DMode":false,"pivot":{"x":86.77391052246094,"y":-3.4614014625549318,"z":52.22510528564453},"rotation":{"x":0.09363844990730286,"y":0.6868874430656433,"z":-0.08994921296834946,"w":0.7150751352310181},"size":20.361604690551759,"orthographic":false}