{"cameraMode":{"drawMode":0,"name":"Shaded","section":"Shading Mode"},"sceneLighting":true,"audioPlay":false,"sceneViewState":{"m_AlwaysRefresh":false,"showFog":true,"showSkybox":true,"showFlares":true,"showImageEffects":true,"showParticleSystems":true,"showVisualEffectGraphs":true,"m_FxEnabled":true},"in2DMode":false,"pivot":{"x":4.430187702178955,"y":-0.5388717651367188,"z":25.899816513061525},"rotation":{"x":0.23536105453968049,"y":-0.09718296676874161,"z":0.023660853505134584,"w":0.9667510390281677},"size":18.11345672607422,"orthographic":false}