{"cameraMode":{"drawMode":0,"name":"Shaded","section":"Shading Mode"},"sceneLighting":true,"audioPlay":false,"sceneViewState":{"m_AlwaysRefresh":false,"showFog":true,"showSkybox":true,"showFlares":true,"showImageEffects":true,"showParticleSystems":true,"showVisualEffectGraphs":true,"m_FxEnabled":true},"in2DMode":false,"pivot":{"x":53.71799850463867,"y":2.7239999771118166,"z":-39.507999420166019},"rotation":{"x":0.18918287754058839,"y":0.0691586509346962,"z":-0.013358520343899727,"w":0.9794125556945801},"size":7.571914196014404,"orthographic":false}