{"cameraMode":{"drawMode":0,"name":"Shaded","section":"Shading Mode"},"sceneLighting":true,"audioPlay":false,"sceneViewState":{"m_AlwaysRefresh":false,"showFog":true,"showSkybox":true,"showFlares":true,"showImageEffects":true,"showParticleSystems":true,"showVisualEffectGraphs":true,"m_FxEnabled":true},"in2DMode":false,"pivot":{"x":54.23200225830078,"y":3.4100003242492677,"z":-39.185997009277347},"rotation":{"x":0.3093636631965637,"y":-0.11204715818166733,"z":0.03673520311713219,"w":0.9436083436012268},"size":13.464595794677735,"orthographic":false}