{"cameraMode":{"drawMode":0,"name":"Shaded","section":"Shading Mode"},"sceneLighting":true,"audioPlay":false,"sceneViewState":{"m_AlwaysRefresh":false,"showFog":true,"showSkybox":true,"showFlares":true,"showImageEffects":true,"showParticleSystems":true,"showVisualEffectGraphs":true,"m_FxEnabled":true},"in2DMode":false,"pivot":{"x":64.39901733398438,"y":-16.268207550048829,"z":-20.050132751464845},"rotation":{"x":-0.014190005138516426,"y":0.950611412525177,"z":-0.30692946910858157,"w":-0.043948594480752948},"size":57.61446762084961,"orthographic":false}