{"cameraMode":{"drawMode":0,"name":"Shaded","section":"Shading Mode"},"sceneLighting":true,"audioPlay":false,"sceneViewState":{"m_AlwaysRefresh":false,"showFog":true,"showSkybox":true,"showFlares":true,"showImageEffects":true,"showParticleSystems":true,"showVisualEffectGraphs":true,"m_FxEnabled":true},"in2DMode":false,"pivot":{"x":26.819265365600587,"y":31.067136764526368,"z":-19.525569915771486},"rotation":{"x":-0.21539831161499024,"y":0.6673138737678528,"z":-0.21104241907596589,"w":-0.6810623407363892},"size":21.697338104248048,"orthographic":false}